count_linkid,avg_click_rate,click_rate_std,min_25_median_75_max
2253,0.809920488600866,1.9580300748157282,"[0.090909090909090912,0.5,1.0,1.0,92.3]"